schoolName,Physical address,Postal address,Email,Phone Number,Principal,Website
Alpurrurulam School,"N/A, Alpurrurulam (Lake Nash), NT","PMB 46, Mt Isa, 4825, QLD",gavin.khan@education.nt.gov.au,(07) 4748 4887,,
Adelaide River School,"31 Memorial Tce, Adelaide River, 0846, NT","C/- Post Office, Adelaide River, 0846, NT",adelaideriver.ps@education.nt.gov.au,(08) 8976 7034,,
Acacia Hill School,"80 Spearwood Rd, Alice Springs, 0870, NT","PO Box 435, ALICE SPRINGS, 0871, NT",acaciahill.school@education.nt.gov.au,(08) 895 52222,,
Alice Springs Steiner School,"Lot 9523 Ragonesi Rd, Alice Springs, 0870, NT","PO Box 2736, Alice Springs, 0871, NT",accounts@alicesteiner.nt.edu.au,(08) 8952 3897,,
Alice Springs Language Centre,"Milner Road, Alice SPrings, 0870, NT","PO Box 9045, Alice Springs, 0871, NT",admin.aslc@education.nt.gov.au,(08) 895 52366,,
Alawa Pre School,"27 Pett St, Alawa, NT",", , , ",,(08) 899 77666,,
Alawa Primary School,"27 Pett Street, Alawa, 0810, NT","PO Box 40446, Casuarina, 0811, NT",alawa.school@education.nt.gov.au,(08) 899 77666,,
Alcoota School,"N/A, Engawala (Alcoota Stn), NT","PMB 129, via Alice Springs, 0872, NT",janet.purje@education.nt.gov.au,(08) 8956 9977,,
Alekarenge School,"N/A, Ali Curung (Warrabri), NT","LMB 161, via Alice Springs, 0872, NT",admin.alekacec@education.nt.gov.au,(08) 8964 1957,,
Alice Springs School Of The Air,"80 Head St, Alice Springs, 0870, NT","PO Box 1220, Alice Springs, 0871, NT",assoa@assoa.nt.edu.au,(08) 8951 6800,,
Braitling Pre School,"80 Head St, Alice Springs, NT",", , , ",,(08) 8985 8511,,
Bradshaw Primary School,"23 Adamson Ave, Alice Springs, 0870, NT","PO Box 1744, ALICE SPRINGS, 0871, NT",bradshaw.school@education.nt.gov.au,(08) 895 52100,,
Bradshaw Pre School,"23 Adamson Ave, Alice Springs, NT",", , , ",,(08) 895 52100,,
Borroloola School,"321 Robinson Rd, Borroloola, 0854, NT","PMB 5, Borroloola, 0854, NT",admin.borrosch@education.nt.gov.au,(08) 896 51800,,
Borroloola Pre School,"321 Robinson Road, Borroloola, NT",", , , ",,(08) 89 758780,,
Bonya School,"Community ID 26, Orrtipa-Thurra (Bonya), NT","PMB 69, via Alice Springs, 0872, NT",juliet.mokoto@education.nt.gov.au,(08) 8956 6352,,
Zuccoli Primary School,"130 Zuccoli Parade, Zuccoli, 0830, NT","PO Box 2222, PALMERSTON, 0832, NT",ZuccoliPrimary@education.nt.gov.au,(08) 792 30222,,
Yulara School,"21 Winmati St, Yulara, 0872, NT","PO Box 146, Yulara, 0872, NT",yulara.school@education.nt.gov.au,(08) 8956 2014,,
Yuendumu School,"Conniston Rd, Yuendumu, NT","C/ - Post Office, Yuendumu, 0870, NT",admin.yuendumu@education.nt.gov.au,(08) 8956 4011,,
Yuendumu Pre School,"Conniston Road, Yuendumu, NT",", , , ",,(08) 8956 4011,,
Yirrkala School,"Rankine Road, Yirrkala, NT","PO Box 896, Nhulunbuy, 0881, NT",admin.yirrkala@ntschools.net,(08) 898 71988,,
Yirrkala Pre School,"Rankine Road, Yirrkala, NT",", , , ",,(08) 898 71988,,
Yipirinya School,"Lovegrove Drive, Alice Springs, NT","C/- Yipirinya School Council Inc, PO Box 2363, Alice Springs, 0871, NT",reception.yipirinya.ntschools.net,(08) 8952 5633,,
Wurankuwu Homeland Learning Centre,"Community ID 868, Wurankuwu, NT","Nguiu, Bathurst Island, 0822, NT",tba,(08) 8978 3986,,
Xavier Catholic College,"Wurrumiyanga, Bathurst Island, NT","PMB 139,, via Winnellie, 0822, NT",admin.xcec@nt.catholic.edu.au,(08) 8978 3970,,
Yirara College,"470 South Stuart Highway, Alice Springs, NT","PMB 51, Alice Springs, 0871, NT",info@yirara.nt.edu.au,(08) 8950 5644,,
Yarralin School,"N/A, Yarralin, NT","PMB 34, via Katherine, 0851, NT",zoe.richardson@education.nt.gov.au,(08) 8975 0809,,
Wulagi Primary School,"24 Brolga St, Wulagi, 0812, NT","24 Brolga St, WULAGI, 0812, NT",wulagi.primary@education.nt.gov.au,(08) 898 37800,,
Wulagi Pre School,"24 Brolga St, Wulagi, NT",", , , ",,(08) 898 37818,,
Wugularr School,"Laiwanga St, Wugularr, NT","PMB 6, Katherine, 0851, NT",admin.wugulsch@education.nt.gov.au,(08) 8975 4529,,
Woolianna School,"Wooliana Rd, Daly River, NT","PMB 194, Winnellie, 0821, NT",woolianna.school@education.nt.gov.au,(08) 8978 2984,,
Willowra School,"N/A, Willowra, NT","PMB 102, via Alice Springs, 0872, NT",willowra.school@education.nt.gov.au,(08) 8956 8408,,
Woodroffe Primary School,"55 Woodroffe Ave, Woodroffe, 0830, NT","PO Box 2021, PALMERSTON, 0831, NT",woodroffe.ps@education.nt.gov.au,(08) 898 37600,,
Woolaning School,"Litchfield Park Rd, Litchfield Park, NT","PO Box 3261, Palmerston, 0831, NT",admin.woolasch@education.nt.gov.au,(08) 8978 2334,,
Woodroffe Pre School,"55 Woodroffe Ave, Woodroffe, NT",", , , ",,(08) 8983 7611,,
Watiyawanu School,"N/A, Mt Liebig, NT","PMB 111, via Alice Springs, 0872, NT",l.kenny@education.nt.gov.au,(08) 8956 8555,,
Watarrka School,"n/a, Lilla Community, NT","Education Stores, Shed 9, 66A Smith St, Alice Springs, 0870, NT",tba,(08) 8956 7758,,
Warruwi School,"N/A, Warruwi (Goulburn Island), 0822, NT","PMB 90, via WINNELLIE, 0821, NT",ken.millar@education.nt.gov.au,(08) 8979 0222,,
Wanguri Primary School,"46 Gsell St, Wanguri, 0810, NT","PO Box 40519, CASUARINA, 0811, NT",wanguri.prim@education.nt.gov.au,(08) 8927 1655,,
Wanguri Pre School,"46 Gsell St, Wanguri, NT",", , , ",,(08) 8927 1655,,
Walungurru School,"N/A, Walungurru (Kintore), NT","PMB 14, via Alice Springs, 0872, NT",walungurru.school@education.nt.gov.au,(08)  8964 6056,,
Wallace Rockhole School,"N/A, Wallace Rockhole, NT","PO Box 2256, Alice Springs, 0871, NT",wallace.rockhole@education.nt.gov.au,(08) 8956 7330,,
Wagaman Primary School,"35 Wagaman Tce, Wagaman, 0810, NT","PO Box 40019, CASUARINA, 0811, NT",wagaman.school@education.nt.gov.au,(08) 8922 6011,,
Urapunga School,"Blyth St, Rittarangu (Urapunga), NT","PMB 12, via Katherine, 0852, NT",lawry.mahon@education.nt.gov.au,(08) 8975 4645,,
Wagaman Pre School,"35 Wagaman Tce, Wagaman, NT",", , , ",,(08) 8922 6011,,
Top End School of Flexible Learning,"1 Malak Place, Malak, 0812, NT","PO Box 703, Karama, 0812, NT",malakrc.det@education.nt.gov.au,(08) 899 77199,,
Tivendale School,"Tivendale Road, Berrimah, 0828, NT","PO Box 703, Karama, 0812, NT",matt.watson@education.nt.gov.au,(08) 899 95910,,
Tiwi College,"Pickertaramoor Melville Island, , NT","LMB 127, Winnellie, 0822, NT",admin.tiwicollege@ntschools.net,08 89709024,,
Titjikala School,"N/A, Titjikala (Maryvale), NT","PMB 130, via Alice Springs, 0872, NT",nanci.morrison@education.nt.gov.au,(08) 8956 0927,,
Tipperary Station School,"Daly River Road, Tipperary, NT","PMB 214, via Winnellie, 0822, NT",,(08) 8978 2765,,
Timber Creek School,"62 Wilson St, Timber Creek, NT","PMB 115, via Katherine, 0851, NT",timbercreek.admin@education.nt.gov.au,(08) 8975 0714,,
The Essington School,"22 Chapman Rd, Rapid Creek, NT","PO Box 42321, Casuarina, 0811, NT",administration@essington.nt.edu.au,(08) 8985 0100,,
Ti Tree School,"26 Palmer St, Ti-Tree, NT","Locked Bag 257,, Ti Tree, via Alice Springs, 0872, NT",mark.webster@education.nt.gov.au,(08) 8956 9743,,
Tennant Creek Primary School,"31 Paterson St, Tennant Creek, 0860, NT","PO Box 506, Tennant Creek, 0861, NT",admin.tennasch@education.nt.gov.au,(08) 896 32424,,
Tennant Creek Pre School,"31 Paterson St, Tennant Creek, NT",", , , ",,(08) 8962 2110,,
Tennant Creek High School,"38 Stuart St, Tennant Creek, NT","PO Box 546, Tennant Creek, 0861, NT",admin.tchs@education.nt.gov.au,(08) 8962 2102,,
Taminmin College,"70 Challoner Cct, Humpty Doo, NT","PO Box 21, HUMPTY DOO, 0836, NT",admin.taminmin@education.nt.gov.au,(08) 898 37000,,
Stuart Park Primary School,"8 Nudl St, Stuart Park, 0820, NT","PO Box 37421, Winnellie, 0831, NT",stuartpark.school@education.nt.gov.au,(08) 899 77333,,
St Philip's College,"2 Ulpaya Rd, Alice Springs, NT","PO Box 33, Alice Springs, 0871, NT",info@stphilips.nt.edu.au,(08) 8950 4511,,
Stirling School,"N/A, Wilora (Stirling Station) 0872, NT","c/- Ti Tree Post Office, Ti Tree, 0872, NT",tony.tree@education.nt.gov.au,(08) 8956 9759,,
St Paul's Catholic Primary School,"Cnr Trower Road and Francis Street, Nightcliff, NT","PO Box 40344, Casuarina, 0811, NT",admin.stpauls@nt.catholic.edu.au,(08) 8985 1911,,
St Mary's Catholic Primary School,"3 Lindsay St, Darwin City, NT","PO Box 2413, Darwin, 0801, NT",admin.stmarys@nt.catholic.edu.au,(08) 8981 9796,,
St Joseph's Catholic Flexible Learning Centre,"5 Bloomfield Street, Alice Springs, 0870, NT","P O Box 2991, Alice Springs, 0871, NT",sjcflc@ereafsn.edu.au,89293900,,
St Joseph's Catholic College,"Cnr Maluka Road & Chambers Drive, Katherine 0850, NT","PO Box 535, Katherine, 0850, NT",admin.stjosephs@nt.catholic.edu.au,(08) 89723555,,
St John's Catholic College,"54 Salonika St, The Gardens, NT","Mail Bag 13, Darwin, 0820, NT",admin.stjohns@nt.catholic.edu.au,(08) 8982 2222,,
St Francis of Assisi Catholic Primary School,"56 Challoner Cct, Humpty Doo, NT","PO Box 921, Humpty Doo, , NT",admin.sfas@nt.catholic.edu.au,(08) 8988 1212,,
St Francis Xavier Catholic School,"7333 Daly River Rd, Nauiyu, NT","CMB 28, Daly River, 0822, NT",admin.dalyriver@nt.catholic.edu.au,(08) 8978 2427,,
Shepherdson Pre School,"Wakirana St, Galiwinku, NT",", , , ",,(08) 8987 9044,,
Shepherdson College,"Wakirana St, Galiwinku, 0822, NT","PMB 74, via WINELLIE, 0822, NT",principal.shepherdson@education.nt.gov.au,(08) 8987 9044,,
SEDA College NT,"5/90 Ross Smith Ave, Fannie Bay, 0820, NT","5/90 Ross Smith Ave, Fannie Bay, 0820, NT",info@sedacollege.nt.edu.au,1300 337 332,,
School of Sport Education NT,"1 Nemarluk Drive, Ludmilla, NT, 0820, NT","PO Box 42896, Casuarina, 0811, NT",admin.ssnt@education.nt.gov.au,(08) 899 95700,,
Sattler Christian College,"15 Sattler Cres, Bees Creek, NT","PO Box 1138,, Coolalinga, 0839, NT",admin.scc@ntschools.net,7922 1500,,
Sanderson Middle School,"60 Matthews Rd, Malak, 0812, NT","PO Box 189, KARAMA, 0813, NT",sanderson.middle@education.nt.gov.au,(08) 7923 0500,,
Sadadeen Primary School,"80 Spearwood Rd, Alice Springs, 0870, NT","PO Box 2707, ALICE SPRINGS, 0871, NT",sadadeen.primary@education.nt.gov.au,(08) 895 52299,,
Sacred Heart Catholic Primary School,"34 Emery Ave, Woodroffe, NT","PO Box 271, Palmerston, 0831, NT",admin.shps@nt.catholic.edu.au,(08) 8924 8700,,
Royal Darwin Hospital School,"Rocklands Drive, Tiwi, Tiwi, 0810, NT","C/o Nakara Primary School, Goodman St, NAKARA, 0810, NT",tania.nicholls@education.nt.gov.au,(08) 8922 8736,,
Rosebery Primary School,"Belyuen Road Rosebery, Rosebery, 0832, NT","PO Box 650, PALMERSTON, 0832, NT",roseberyps.admin@education.nt.gov.au,(08) 792 30100,,
Ross Park Primary School,"7 Winnecke Ave, Alice Springs, 0870, NT","PO Box 364, ALICE SPRINGS, 0871, NT",rosspark.school@ntschools.net,(08) 895 52000,,
Rona Glynn Pre School,"2 Mckay St, Alice Springs, NT",", , , ",,(08) 895 21792,,
Robinson River School,"N/A, Robinson River, NT","PMB 145, Katherine, 0851, NT",jenine.williams@education.nt.gov.au,(08) 8975 9956,,
Rockhampton Downs School,"Community ID 259, Wogyala, NT","PMB 34, Tennant Creek, 0862, NT",leanne.forbes@education.nt.gov.au,(08) 8964 4675,,
Pularumpi School,"Pularumpi, Pirlangimpi, NT","PMB 51, via Winnellie, 0822, NT",kane.griffin@education.nt.gov.au,(08) 8978 3961,,
Ramingining School,"133Lewangu Drive, Ramingining, 0822, NT","PMB 125, via WINNELLIE, 0822, NT",deanne.kathagen@education.nt.gov.au,(08) 8979 7924,,
Ramingining Pre School,"N/A, Ramingining, NT",", , , ",,(08) 8979 7924,,
Pigeon Hole School,"N/A, Pigeon Hole, NT","PMB 10, via Katherine, 0852, NT",anne.pollock@education.nt.gov.au,(08) 8975 0812,,
Pine Creek School,"N/A, Pine Creek, 0847, NT","PO Box 196, Pine Creek, 0847, NT",jo.moon@education.nt.gov.au,(08) 8976 1228,,
Peppimenarti School,"N/A, Peppimenarti, NT","PMB 49, via Winnellie, 0822, NT",eric.barrows@education.nt.gov.au,(08) 8978 2455,,
Parap Primary School,"52 Urquhart Street, Parap, 0820, NT","PO Box 69, PARAP, 0804, NT",parapps.office@education.nt.gov.au,(08) 898 22922,,
Stuart Park Pre School,"8 Nudl St, Stuart Park, NT",", , , ",,(08) 899 77322,,
Parap Pre School,"61 Ross Smith Ave, Parap, NT",", , , ",,(08) 8981 5146,,
Palmerston College,"10 Tilston Ave, Driver, 0830, NT","PO Box 8, PALMERSTON, , NT",Palmerston.college@education.nt.gov.au,(08) 899 77999,,
Papunya School,"N/A, Papunya, 0872, NT","PMB 77, via Alice Springs, 0872, NT",papunya.admin@education.nt.gov.au,(08) 8956 8515,,
Owen Springs Education Centre,"Stuart Highway, Alice Springs, 0870, NT","PO Box 4856, Alice Springs, 0871, NT",joel.hohn@education.nt.gov.au,(08) 8958 5088 / (08) 8958 5089,,
Palmerston Christian College,"50 Waler Road, Marlow Lagoon, Marlow Lagoon, NT","PO Box 113, Palmerston, 0831, NT",admin.pcc@ntschools.net,(08) 7922 5600,,
Our Lady of the Sacred Heart Thamarrurr Catholic College,"Wadeye, Port Keats, NT","Wadeye, Port Keats, via Winnellie, 0822, NT",admin.olshtcs@nt.catholic.edu.au,(08) 8978 2477,,
Our Lady of the Sacred Heart Catholic College - Sadadeen Campus,"Sadadeen Rd, Alice Springs, NT","PO Box 2508, Alice Springs, 0871, NT",admin.olshalice@nt.catholic.edu.au,(08) 8950 6400,,
Our Lady of the Sacred Heart Catholic College - Bath Street Campus,"5 Bath St, Alice Springs, NT","PO Box 2508, Alice Springs, 0871, NT",admin.olshalice@nt.catholic.edu.au,(08) 8950 6400,,
Our Lady of the Sacred Heart Catholic College,"8 Traeger Ave, Alice Springs, NT","PO Box 2508, Alice Springs, 0871, NT",admin.olshalice@nt.catholic.edu.au,(08) 8950 6400,,
O'Loughlin Catholic College,"70 Mueller Rd, Karama, NT","P O Box 41911, Casuarina, 0811, NT",secretary.oloughlin@nt.catholic.edu.au,(08) 8945 1277,,
Nyirripi School,"N/A, Nyirripi, NT","PMB 125, via Alice Springs, 0872, NT",clarice.oleary@education.nt.gov.au,(08) 8956 8880,,
Nyangatjatjara College - Mutitjulu Campus,"1680 Uluru Rd, Yulara, NT","PO Box 171, Yulara, 0872, NT",ceo@nyangatjatjaracollege.or.au,(08) 8956 2555,,
Nyangatjatjara College - Imanpa Campus,"8 Mumu Rd (7-10), Imanpa, NT","PO Box 171, Yulara, 0872, NT",ceo@nyangatjatjaracollege.org.au,(08) 8956 7038,,
Nyangatjatjara College - Docker Rvr Campus,"4 Tjala Place, Kaltukatjara (Docker River), NT","PO Box 171, Yulara, 0872, NT",ceo@nyangatjatjaracollege.org.au,(08) 8956 7098,,
Nyangatjatjara College,"n/a, Kaltukatjara, NT","PO Box 171, Yulara, 0872, NT",ncollege@octa4.net.au,(08) 8956 2257,,
Numbulwar School,"N/A, Numbulwar, NT","PMB 68, WINELLIE, 0822, NT",numbulwar.school@education.nt.gov.au,(08) 8975 4650,,
Ntaria School,"N/A, Hermannsburg (Ntaria), NT","PMB 4, via Alice Springs, 0872, NT",kim.omar@education.nt.gov.au,(08) 8956 7424,,
Numbulwar Pre School,"N/A, Numbulwar, NT",", , , ",,(08) 8975 4650,,
NT Christian College,", Marrara, NT","PO Box 84, Karama, 0812, Unit 1 Strath Village, 43 Berrimah Road NT",admin.ntcc@ntschools.net,(08) 8920 2000,,
Northern Territory School of Distance Education,"The Bullocky Point Education Precinct, Atkins Dr, The Gardens, 0820, NT","PO Box 40471, Casuarina, 0811, NT",ntsde.admin@education.nt.gov.au,(08) 892 22222,,
NT Music School,"60 Matthews Rd, Wulagi 0812, NT","PO Box 455, Sanderson, 0813, NT",nt.musicschool@education.nt.gov.au,(08) 896 35550,,
Nightcliff Pre School,"17 Pandanus St, Nightcliff, NT",", , , ",,(08) 8948 8488,,
Nightcliff Primary School,"17 Pandanus St, Nightcliff, 0810, NT","PO BOX 798, NIGHTCLIFF, 0810, NT",nightcliff.ps@education.nt.gov.au,(08) 8948 8488,,
Nightcliff Middle School,"90 Aralia St, Rapid Creek, 0810, NT","90 Aralia St, NIGHTCLIFF, 0810, NT",admin.nightms@education.nt.gov.au,(08) 898 37677,,
Nhulunbuy Primary School,"60 Chesterfield Cct, Nhulunbuy, 0880, NT","PO Box 321, NHULUNBUY, 0881, NT",nps.frontoffice@education.nt.gov.au,(08) 898 70022,,
Nhulunbuy Pre School,"36 Chesterfield Cct, Nhulunbuy, NT",", , , ",,(08) 8987 1056,,
Nhulunbuy Christian College,"26 Eugenia Avenue, Nhulunbuy, NT","PO Box 621, Nhulunbuy, 0881, NT",admin.ncc@ntschools.net,(08) 8965 2900,,
Ngukurr Pre School,"Bawuda St, Ngukurr, NT",", , , ",,(08) 8975 4680,,
Nhulunbuy High School,"51 Matthew Flinders Way, Nhulunbuy, 0880, NT","PO Box 1096, NHULUNBUY, 0881, NT",nhulunbuy.high@education.nt.gov.au,(08) 898 70844,,
Ngukurr School,"Bawuda St, Ngukurr, 0852, NT","PMB 138, KATHERINE, 0851, NT",ngukurr.cec@education.nt.gov.au,(08) 8975 4680,,
Nganambala School,"n/a, Emu Point, NT","PMB 218, Via Winnellie, 0822, NT",samuel.sailor@education.nt.gov.au,(08) 8978 2001,,
Nganmarriyanga School,"N/A, Palumpa, NT","PMB 85, via WINNELLIE, 0822, NT",tracy.brislane@education.nt.gov.au,(08) 8978 2380,,
Newcastle Waters School,"11 Drovers Dr, Newcastle Waters, NT","Newcastle Waters Station, via Elliott, 0862, NT",dave.oke@education.nt.gov.au,(08) 8964 4566,,
Nawardekken Academy Kabulwarnamyo School,"Building 2, Kabulwarnamyo, tba, NT","tba, PO Box 37620 Winnellie  NT, 0821, NT",admin@nawarddeken.org.au,0427 816 431,,
Neutral Junction School,"Stuart Hwy, Neutral Junction, NT","Neutral Junction, via Alice Springs, 0872, NT",ruth.rawnsley@education.nt.gov.au,(08) 8956 9754,,
Nathalie Gorey Pre School,"80 Spearwood Rd, Alice Springs, NT",", , , ",,(08) 8952 1186,,
Nemarluk School,"30 Styles St, Alawa, 0810, NT","PO Box 39729, WINNELLIE, 0821, NT",admin.nemarluk@education.nt.gov.au,(08) 898 50400,,
Nakara Primary School,"35 Nakara Tce, Nakara, 0810, NT","35 Nakara Tce, Nakara, 0810, NT",nakara.primary@education.nt.gov.au,(08) 8927 9823,,
Nawarddeken Academy Manmoyi School,"Building 6, Mamadawerre & Manmoyi Community, tba, NT","tba, PO Box 37620 Winnellie  NT, 0821, NT",admin@nawarddeken.org.au,0427 816 431,,
Nawarddeken Academy Mamadawerre School,"Building 6, Mamadawerre & Manmoyi Community, tba, NT","tba, PO Box 37620 Winnellie  NT, 0821, NT",admin@nawarddeken.org.au,0427 816 431,,
Nakara Pre School,"35 Nakara Tce, Nakara, NT",", , , ",,(08) 8927 9823,,
Mutitjulu School,"Mutitjulu, Ayers Rock, NT","PO Box 121, Yulara, 0872, NT",mutitjulu.school@education.nt.gov.au,(08) 8956 2547,,
Murray Downs School,"Outstation, Murray Downs(Imangara), NT","PMB 48, Alice Springs, 0872, NT",mitchell.valentine@education.nt.gov.au,(08) 8964 1951,,
Murrupurtiyanuwu Catholic Primary School,"Kerinauia Highway, Wurrumiyanga NT 0822, NT","PO Box 45, Wurrumiyanga, Bathurst Island, via Winnellie, 0822, NT",admin.mcs@nt.catholic.edu.au,(08) 8978 3986,,
Moulden Pre School,"103 Bonson Tce, Moulden, NT",", , , ",,(08) 8930 5965,,
Mount Allan School,"N/A, Yuelamu, NT","PMB 67, Yuelamu via Alice Springs, 0872, NT",dowreen.lata@education.nt.gov.au,(08) 8956 8860,,
Mulga Bore School,"n/a, Mulga Bore Community, NT","PMB 18, via Alice Springs, 0872, NT",david.ward1@education.nt.gov.au,(08) 8956 9824,,
Moulden Primary School,"103 Bonson Tce, Moulden, 0830, NT","PO Box 80, PALMERSTON, 0831, NT",moulden.primary@education.nt.gov.au,(08) 8930 5900,,
Mother Teresa Catholic Primary School,"16 Ginger St, Zuccoli, NT","PO Box 1125, Palmerston, 0830, NT",principal.motherteresa@nt.catholic.edu.au,(08) 7969 5600,,
Moil Primary School,"37 Lanyon Tce, Moil, 0810, NT","37 Lanyon Tce, MOIL, 0810, NT",admin.moilsch@education.nt.gov.au,(08) 898 37530,,
Moil Pre School,"Moil Crescent, Moil, NT",", , , ",,(08) 898 37535,,
Mimik-Ga Centre,"4 Henbury Ave, Wanguri, 0810, NT","PO Box 40519, Casuarina, 0811, NT",admin.mimik-ga@education.nt.gov.au,(08) 898 37900,,
Minyerri School,"N/A, Minyerri (Hodgson Downs), NT","PMB 40, KATHERINE, 0851, NT",michelle.bennett@education.nt.gov.au,(08) 8975 9972,,
Milyakburra School,"N/A, Milyakburra (Bickerton Island), NT","PMB 5, Bickerton Island, via Winnellie, 0822, NT",angela.lawrence@education.nt.gov.au,(08) 8987 6084,,
Minyerri Pre School,"N/A, Minyerri (Hodgson Downs), NT",", , , ",,(08) 8975 9972,,
Millner Primary School,"41 Sabine Rd, Millner, 0810, NT","41 Sabine Rd, MILLNER, 0810, NT",admin.millnerps@education.nt.gov.au,(08) 792 30333,,
Millner Pre School,"41 Sabine Rd, Millner, NT",", , , ",,(08) 792 30333,,
Milkwood Steiner School,"94 Boulter Road, Berrimah, NT","PO Box 357, Berrimah, 0828, NT",admin@milkwood.nt.edu.au,08 8947 0608,,
Milingimbi School,"N/A, Milingimbi, 0822, NT","PMB 54, Milingimbi, via WINNELLIE, 0822, NT",adam.dicks1@education.nt.gov.au,(08) 8987 9902,,
Middle Point School,"615 Anzac Pde, Middle Point, NT","PO Box 96, Humpty Doo, 0836, NT",middle.pt@education.nt.gov.au,(08) 8988 1688,,
Marrara Christian College,"110 Amy Johnson Ave, Marrara, NT","PO Box 84, Karama, 0812, NT",admin.mcc@ntschools.net,(08) 8920 2000,,
Milikapiti School,"N/A, Milikapiti (Snake Bay), NT","PMB 96, via Winnellie, 0822, NT",craig.watkins@education.nt.gov.au,(08) 8978 3960,,
Mbunghara School,"N/A, Mbunghara, NT","PMB 242, via Alice Springs, 0872, NT",mbunghara.school@education.nt.gov.au,(08) 8956 8503,,
Mataranka School,"Roper Terrace, Mataranka, 0852, NT","PO Box 4022, Mataranka, 0852, NT",telka.zotz@education.nt.gov.au,(08) 8975 4543,,
Mapuru Yirralka College,"Dhabulu Road, Mapuru, NT 0822, NT","PMB 301, Winnellie, 0821, NT",principal@yirralka.nt.ed.au,(08) 8970 4994,,
Manyallaluk School,"N/A, Manyallaluk (Eva Valley), NT","PO Box 271, Katherine, 0851, Nt",admin.manyasch@education.nt.gov.au,(08) 8975 4438,,
Mamaruni School,"N/A, Minjilang (Croker Is), NT","PMB 47, via Winnellie, 0822, NT",jack.mcgrath@education.nt.gov.au,(08) 8979 0255,,
Maningrida College,"n/a, Maningrida, 0822, NT","PMB 67, via Winnellie, 0822, NT",maningrida.cec@education.nt.gov.au,(08) 8979 5950,,
Malak Primary School,"45 Malak Cres, Malak, 0812, NT","45 Malak Crescent, MALAK, 0812, NT",admin.malak@education.nt.gov.au,(08) 899 77600,,
Manunda Terrace Primary School,"31 Manunda Tce, Karama, 0812, NT","31 Manunda Tce, KARAMA, 0812, NT",manunda.school@education.nt.gov.au,(08) 899 77366,,
Manunda Terrace Pre School,"31 Manunda Tce, Karama, NT",", , , ",,(08) 899 77366,,
Malak Pre School,"45 Malak Cres, Malak, NT",", , , ",,(08) 899 77600,,
Mackillop Catholic College,"285 Farrar Boulevard, Johnston, NT","P O Box 2608, Palmerston, 0831, NT",mackillopcollege@nt.catholic.edu.au,08 8930 5757,,
MacFarlane Primary School,"42 Grevillea Rd, Katherine East, 0850, NT","42 Grevillea Road, KATHERINE EAST, 0850, NT",admin.macfasch@education.nt.gov.au,(08) 896 51700,,
MacFarlane Pre School,"Grevillea Rd, Katherine East, NT",", , , ",,(08) 8972 3069,,
Ludmilla Primary School,"41 Bagot Rd, Ludmilla, 0820, NT","PO Box 39945, WINNELLIE, 0821, NT",admin.ludmilla@education.nt.gov.au,(08) 898 37888,,
Ludmilla Pre School,"41 Bagot Rd, Ludmilla, NT",", , , ",,(08) 898 37889,,
Living Waters Lutheran School,"Corner Albrecht Drive and Kramer Street, Alice Springs, NT","PO Box 8869, Alice Springs, 0871, NT",lisa.goldsworthy@ntschools.net,(08) 8950 0700,,
Leanyer Primary School,"114 Leanyer Drive,, Leanyer, 0812, NT","114 Leanyer Drive, LEANYER, 0812, NT",admin.leanyer@education.nt.gov.au,(08) 8927 4022,,
Leanyer Pre School,"114 Leanyer Dr, Leanyer, NT",", , , ",,(08) 8927 4022,,
Laynhapuy Homelands School,"Galpu Rd, Yirrkala, NT","PMB 747, Nhulunbuy, 0881, NT",lhs.admin@ntschools.net,(08) 898 71224,,
Larrakeyah Primary School,"3 Packard St, Larrakeyah, 0820, NT","PO Box 412, DARWIN, 0801, NT",larrakeyah.admin@education.nt.gov.au,(08) 8981 3211,,
Laramba School,"N/A, Laramba (Napperby), NT","PMB 213, via Alice Springs, 0872, NT",laramba.school@education.nt.gov.au,(08) 8956 8771,,
Larrakeyah Pre School,"3 Packard St, Larrakeyah, NT",", , , ",,(08) 8981 9091,,
Larapinta Primary School,"22 Albrecht Dr, Alice Springs, NT","PO Box 9021, ALICE SPRINGS, 0871, NT",larapinta.primary@education.nt.gov.au,(08) 895 85155,,
Larapinta Pre School,"22 Albrecht Dr, Alice Springs, NT",", , , ",,(08) 895 85145,,
Lajamanu School,"N/A, Lajamanu ( Hooker Ck), NT","PMB 63, via Katherine, 0851, NT",admin.lajamcec@education.nt.gov.au,(08) 8975 0946,,
Lajamanu Pre School,"N/A, Lajamanu (Hooker Ck), NT",", , , ",,(08) 89750 946,,
Kintore Street School,"11 Kintore St, Katherine, 0872, NT","PO Box 1931, KATHERINE, 0851, NT",kintore.admin@education.nt.gov.au,(08) 8973 3888,,
Kintore Street Pre School,"11 Kintore St, Katherine, NT",", , , ",,(08) 8973 3888,,
Katherine South Primary School,"Riverbank Dr, Katherine, 0850, NT","PO Box 721, KATHERINE, 0851, NT",admin.kathesch@education.nt.gov.au,(08) 8972 1277,,
Katherine South Pre School,"Riverbank Drive, Katherine, NT",", , , ",,(08) 8972 1277,,
Kiana School,"N/A, Kiana, NT","PMB 33, via Tennanat Creek, 0861, NT",tba,(08) 8975 9820,,
Katherine School Of The Air,"101 Giles St, Katherine, 0850, NT","PO Box 531, KATHERINE, 0851, NT",kath.soa@education.nt.gov.au,(08) 896 51555,,
Katherine High School,"Grevillea Rd, Katherine East, 0850, NT","PO Box 189, KATHERINE, 0851, NT",admin.kathehs@education.nt.gov.au,(08) 897 38200,,
Katherine Flexible Learning Centre,"5 Kintore St, Katherine, 0850, NT","PO Box 189, Katherine, 0851, NT",tba,(08) 897 38200,,
Karama Primary School,"37 Livistona Rd, Karama, 0812, NT","PO Box 103, Karama, 0813, NT",karama.school@education.nt.gov.au,(08) 898 37700,,
Kalkaringi School,"Whitlam st, Kalkaringi (Wave hill), NT","PMB 41, KATHERINE, 0852, NT",anne.saunders@education.nt.gov.au,(08) 896 51888,,
Kalkaringi Pre School,"Whitlam St, Kalkaringi (Wave hill), NT",", , , ",,(08) 8965 1888,,
Karama Pre School,"37 Livistona Rd, Karama, NT",", , , ",,(08) 898 37711,,
Jingili Primary School,"17 Rindberg St, Jingili, 0810, NT","PO Box 40600, CASUARINA, 0810, NT",jingili.school@education.nt.gov.au,(08) 898 37555,,
Jingili Pre School,"10 Jingili Tce, Jingili, NT",", , , ",,(08) 8985 3495,,
Jabiru Pre School,"40 Waterhouse Rd, Jabiru, NT",", , , ",,(08) 8938 3333,,
Ida Standley Pre School,"15 Parke Cres, Alice Springs, NT",", , , ",,(08) 8952 1040,,
Humpty Doo Primary School,"50 Freds Pass Rd, Humpty Doo, 0836, NT","PO Box 46, HUMPTY DOO, 0836, NT",admin.humptydoo@education.nt.gov.au,(08) 792 30400,,
Jabiru Area School,"40 Waterhouse Rd, Jabiru, NT","PO Box  246, Jabiru, 0886, NT",jabiru.areaschool@education.nt.gov.au,(08) 8938 3333,,
Ltyentye Apurte Catholic School,"35 Church Street, Santa Teresa (Ltyenty Apurte), NT","Santa Teresa, PMB 221, via A/Springs, 0871, NT",la.admin@nt.catholic.edu.au,(08) 8956 0937,,
Humpty Doo Pre School,"50 Freds Pass Rd, Humpty Doo, NT",", , , ",,(08) 792 30400,,
Howard Springs Primary School,"295 Whitewood Rd, Howard Springs, 0835, NT","PO Box  171, HOWARD SPRINGS, 0835, NT",howard.springs@education.nt.gov.au,(08) 898 30000,,
Howard Springs Pre School,"295 Whitewood Rd, Howard Springs, NT",", , , ",,(08) 8983 0000,,
Holy Spirit Catholic Primary School,"278 Gsell Street, Wulagi, NT","PO Box 40030, Casuarina, 0810, NT",admin.holyspirit@nt.catholic.edu.au,(08) 8927 3411,,
Henbury School,"11 Henbury Avenue, Tiwi, 0810, NT","11 Henbury Avenue, Tiwi, 0810, NT",henbury.admin@education.nt.gov.au,(08) 899 77077,,
Holy Family Catholic Primary School,"20 Calytrix Road, Karama, NT","PO Box 40870, Casuarina, 0812, NT",admin.holyfamily@nt.catholic.edu.au,(08) 89276188,,
Harts Range School,"N/A, Atitjere (Harts Range), NT","PMB 162, via Alice Springs, 0871, NT",kylie.mckay@education.nt.gov.au,(08) 8956 9771,,
Haileybury Rendall School,"6057 Berrimah Road, Berrimah, NT","PO Box 241, Berrimah, 0828, NT",andrew.mcgregor@haileybury.com.au,(08) 8922 1611,,
Haasts Bluff School,"N/A, Haasts Bluff (Ikuntji), 0872, NT","Haasts Bluff, via Alice Springs, 0872, NT",geoff.gillman@education.nt.gov.au,(08) 8956 8550,,
Gunbalanya School,"N/A, Gunbalanya, NT","PMB 66, Gunbalanya, 0822, NT",admin.gunbacec@education.nt.gov.au,(08) 8979 0181,,
Gunbalanya Pre School,"N/a, Gunbalanya, NT",", , , ",,(08) 8979 0181,,
Gray Pre School,"22 Victoria Dr, Gray, NT",", , , ",,(08) 8932 1700,,
Gray Primary School,"22 Victoria Drive, Gray, 0830, NT","Victoria Drive, GRAY, 0830, NT",admin.graysch@education.nt.gov.au,(08) 8932 1700,,
Good Shepherd Lutheran College - Palmerston Campus,"Cnr Emery Ave and Temple Tce, Palmerston, NT","PO Box 1146, Howard Springs, 0831, NT",admin@goodshepherd.nt.edu.au,(08) 8983 0333,,
Good Shepherd Lutheran College,"Cnr Whitewood Rd and Kundook Place, Howard Springs, NT","PO Box 1146, Howard Springs, 0831, NT",admin@goodshepherd.nt.edu.au,08 8983 0333,,
Good Shepherd - Leanyer Campus,"94 Leanyer Drive, Leanyer, NT","PO Box 1146, Howard Springs, 0831, NT",admin@goodshepherd.nt.edu.au,(08) 8983 0333,,
Girraween Primary School,"25 Carruth Rd, Girraween, 0835, NT","PO Box 1042, HOWARD SPRINGS, 0835, NT",admin.girrasch@education.nt.gov.au,(08) 8983 3300,,
Girraween Pre School,"25 Carruth Rd, Girraween, NT",", , , ",,(08) 8983 3300,,
Gillen Primary School,"55 Milner Rd, Alice Springs, 0870, NT","PO Box 769, ALICE SPRINGS, 0871, NT",gillen.school@education.nt.gov.au,(08) 895 52155,,
Gillen Pre School,"12 Newland St, Alice Springs, NT",", , , ",,(08) 8952 2355,,
Gawa Christian School,"Gawa, Elcho Island, Gawa, NT","PMB 257, Elcho Island via Winnellie, 0822, NT",admin.gcs@ntschools.net,8970 5210,,
Gapuwiyak School,"N/a, Gapuwiyak, NT","PMB 900, Via Winnellie, 0822, NT",christopher.oneill@education.nt.gov.au,(08) 8987 9122,,
Gapuwiyak Pre School,"N/A, Gapuwiyak, NT",", , , ",,(08) 8987 9122,,
Forrest Parade School,"120 Flynn Circuit, Bellamack, 0832, NT","120 Flynn Circuit, Bellamack, 0832, NT",admin.forrestps@education.nt.gov.au,(08) 899 77111,,
Finke School,"N/A, Finke, NT","PMB 30, via Alice Springs, 0871, NT",finke.school@education.nt.gov.au,(08) 8956 0960,,
Epenarra School,"N/A, Wutunugurra (Epenarra), NT","PMB 270, via Alice Springs, 0861, NT",jennifer.cadzow@education.nt.gov.au,(08) 8964 1512,,
Elliott School,"91 Bray St, Elliott, NT","C/- Elliott Post Office, Elliott, 0862, NT",kevin.gaskin@education.nt.gov.au,(08) 8969 2122,,
Families as First Teachers,"Mitchell St, Darwin, 0800, NT","GPO Box 4821, Darwin, 0801, NT",faft.doe@education.nt.gov.au,(08) 899 93550,,
Jilkminggan School,"N/A, Jilkminggan (Duck Creek), NT","PO Box 4054, Mataranka, 0852, NT",admin.jilkmsch@education.nt.gov.au,(08) 8975 4896,,
Durack Primary School,"50 Woodlake Bvd, Durack, 0830, NT","PO Box  225, PALMERSTON, 0830, NT",durack.school@education.nt.gov.au,(08) 899 77555,,
Durack Pre School,"50 Woodlake Blvd, Durack, NT",", , , ",,(08) 899 77555,,
Dundee Beach School,"500 Namarada Dr, Dundee Beach, NT","PO Box 145, Dundee Beach, 0840, NT",dundee.school@education.nt.gov.au,(08) 8978 2212,,
Dripstone Middle School,"10 Delamere St, Tiwi, 0810, NT","PO Box  41370, CASUARINA, 0811, NT",dripstone.middle@education.nt.gov.au,(08) 898 37777,,
Driver Primary School,"37 Driver Ave, Driver, 0830, NT","PO Box  33, PALMERSTON, 0831, NT",admin.drivesch@education.nt.gov.au,(08) 893 59000,,
Douglas Daly School,"Jungawa Rd, Douglas-Daly, NT","PMB 46, via Winnellie, 0822, NT",wesley.vague@education.nt.gov.au,(08) 8978 2836,,
Driver Pre School,"37 Driver Ave, Driver, NT",", , , ",,(08) 893 59055,,
Dhupuma Barker,"Gunyangara East Arnhem Land, , NT","PO Box 394, Nhulunbuy, 0881, NT",pheath@barker.nsw.edu.au,(08) 8438 7201,,
Darwin Middle School,"Atkins Drive, The Gardens, NT 0820, not available, NT","PO Box 2257, PARAP, 0804, NT",admin.darwinmiddle@education.nt.gov.au,(08) 894 25200,,
Darwin Languages Centre,"1 Nemarluk Dr, Ludmilla, NT, NT","P O Box 822, Nightcliff, 0814, NT",dlc.nt@education.nt.gov.au,(08) 899 77000,,
Darwin High School,"10 Atkins Dr, The Gardens, 0820, NT","Bullocky Point, DARWIN, 0820, NT",darwin.high@education.nt.gov.au,(08) 899 91222,,
Clyde Fenton Primary School,"101 Giles St, Katherine, 0850, NT","PO Box 421, KATHERINE, 0851, NT",admin.clydesch@education.nt.gov.au,(08) 897 33844,,
Centralian Middle School,"56 Milner Rd, Alice Springs, 0870, NT","PO Box 1771, ALICE SPRINGS, 0871, NT",centralian.middle@education.nt.gov.au,(08) 895 52333,,
Casuarina Street Primary School,"Casuarina St, Katherine East, 0850, NT","PO Box 1046, KATHERINE, 0851, NT",casuarina.admin@education.nt.gov.au,(08) 897 33800,,
Clyde Fenton Pre School,"101 Giles St, Katherine, NT",", , , ",,(08) 897 33855,,
Centralian Senior College,"10 Grevillea Drive, Alice Springs, 0870, NT","PO Box 4856, ALICE SPRINGS, 0871, NT",admin.centraliansc@education.nt.gov.au,(08) 895 85000,,
Casuarina Street Pre School,"Casuarina St, Katherine East, NT",", , , ",,(08) 897 33800,,
Casuarina Senior College,"61 Parer Dr, Moil, 0810, NT","PO Box  40196, CASUARINA, 0811, NT",csc.admin@education.nt.gov.au,(08) 898 37300,,
Canteen Creek School,"N/a, Canteen Creek, NT","PMB 105, via Alice Springs, 0872, NT",admin.cantesch@education.nt.gov.au,(08) 8964 1505,,
Bulla Camp School,"N/A, Bulla, NT","PMB 89, Katherine, 0851, NT",debbie.bailey1@education.nt.gov.au,(08) 9167 8957,,
Bulman School,"N/A, Bulman, NT","PMB 13, Katherine, 0851, NT",adam.cox@education.nt.gov.au,(08) 8975 4707,,
Berry Springs Pre School,"1150 Cox Peninsula Rd, Berry Springs, NT",", , , ",,(08) 7923 0366,,
Braitling Primary School,"80 Head St, Alice Springs, 0870, NT","PO Box  1669, ALICE SPRINGS, 0871, NT",admin.braitsch@education.nt.gov.au,(08) 895 85111,,
Berry Springs Primary School,"1150 Cox Peninsula Rd, Berry Springs, 0838, NT","PO Box 135, Berry Springs, 0838, NT",berrysprings.primary@education.nt.gov.au,(08) 7923 0366,,
Callistemon House,"80 Callistemon Dr, Katherine East, 0850, NT","PO Box 1971, Katherine East, 0851, NT",admin.callistemon@education.nt.gov.au,(08) 8972 3212,,
Belyuen School,"N/A, Belyuen, NT","PMB 2, GPO Darwin, 0801, NT",natasha.koroi@education.nt.gov.au,(08) 8978 5085,,
Bees Creek Primary School,"20 Sattler Cres, Freds Pass, NT","PO Box 1500, Coolalinga, 0839, NT",bees.creek@education.nt.gov.au,(08) 8983 3222,,
Batchelor Pre School,"71 Kirra Cres, Batchelor, NT",", , , ",,(08) 8976 0077,,
Bees Creek Pre School,"20 Sattler Cres, Freds Pass, NT",", , , ",,(08) 8983 3222,,
Bakewell Pre School,"5 Hutchison Tce, Bakewell, 0832, NT","tba, tba, 0832, ",,(08) 899 77400,,
Batchelor Area School,"71 Kirra Cres, Batchelor, 0845, NT","c/-, Batchelor Post Office, 0845, NT",batchelor.as@education.nt.gov.au,(08) 8976 0077,,
Bakewell Primary School,"1 Forrest Parade, Bakewell, 0832, NT","PO Box 1300, PALMERSTON, 0831, NT",admin.bakewell@education.nt.gov.au,(08) 899 77400,,
Baniyala Garrangali School,"Yilpara Community, Yirrkala, 0880, NT","PO Box 1496, NHULUNBUY, 0881, NT",cassie.allison1@education.nt.gov.au,(08) 8987 9114,,
Barunga School,"N/A, Barunga  (Bamyili), NT","PMB 117, via Katherine, 0851, NT",office.barunga@education.nt.gov.au,(08) 8975 4502,,
Australian International Islamic College,"25 Bowerlee Road, Berrimah NT 0828, NT","25 Bowerlee Road, Berrimah, 0828, NT",nt.admin@aiic.nt.edu.au,(08) 7918 2786,,
Areyonga School,"wsw of Hermannsburg, 224km from Alice Springs, Areyonga, NT","Areyonga, via Alice Springs, 0872, NT",anton.devaratnam@education.nt.gov.au,(08) 8956 7303,,
Arlparra School,", Arlparra Community, Utopia, NT","PMB 18, via ALICE SPRINGS, 0872, NT",stephen.nimmo@education.nt.gov.au,(08) 8956 9178,,
Araluen Christian College,"10 Blain St, Alice Springs, NT","10 Blain Street, Alice Springs, 0870, NT",admin.acc@ntschools.net,(08) 8955 3300,,
Anula Primary School,"73 Yanyula Dr, Anula, 0812, NT","Yanyula Drive, ANULA, 0812, NT",anula.admin@education.nt.gov.au,(08) 899 77500,,
Anula Pre School,"73 Yanyula Dr, Anula, NT",", , , ",,(08) 899 77500,,
Angurugu School,"N/A, Angurugu, NT","PO Box 40, Alyangula, Groote Eylandt, 0885, NT",admin.angurcec@education.nt.gov.au,(08) 8987 6355,,
Angurugu Pre School,"N/A, Angurugu, NT",", , , ",,(08) 89876255,,
Ampilatwatja School,"N/A, Ampilatwatja (Ammaroo), NT",", PMB 84, Alice Springs, 0872, NT",admin.ampilat@education.nt.gov.au,(08) 8956 9265,,
Amoonguna School,"N/A, Amoonguna, NT","PO Box  2529,, Alice Springs, 0871, NT",cherie.gibbens@education.nt.gov.au,(08) 8952 3402,,
Alyangula Pre School,"Cnr Flinders St & Ayawarra Cr, Alyangula, NT",", , , ",,(08) 8987 6366,,
Amanbidji School,"N/A, Amanbidgi (Kildirk), NT","PMB 16, via Katherine, 0851, NT",carolyn.tucker@education.nt.gov.au,(08) 9168 7380,,
Alyangula Area School,"Cnr Flinders St & Ayawarra Cr, Alyangula, NT","PMB 3, Alyangula, Groote Eylandt, 0885, NT",alyangula.admin@education.nt.gov.au,(08) 8987 6366,,
Alyarrmandumanja Umbakumba School,"N/A, Umbakumba, NT","PO Box 698, Alyangula, 0885, NT",admin.umbakumba@education.nt.gov.au,(08) 8987 6793,,

